avg_bedrooms,avg_bathrooms
3.332886452939173,2.5730087996042537
